"model","trait","squared_error","n_vloggers","rmse"
"audiovisual_ridge","Agr",1309.69340688896,1620,0.899139989268538
"combined_ridge","Agr",1243.82811333031,1620,0.876239197756742
"interaction_ridge","Agr",4274.83854606398,1620,1.6244350482446
"mean_baseline","Agr",1295.73286330335,1620,0.8943350047966
"text_ridge","Agr",1226.00420946563,1620,0.869938343730383
"audiovisual_ridge","Cons",1055.88812437182,1620,0.807330658913752
"combined_ridge","Cons",977.617632127404,1620,0.776831818447673
"interaction_ridge","Cons",2858.93400689228,1620,1.3284479960949
"mean_baseline","Cons",1015.43524740512,1620,0.79171451995923
"text_ridge","Cons",946.381128600584,1620,0.764320536065996
"audiovisual_ridge","Emot",1030.74934817137,1620,0.797662227847988
"combined_ridge","Emot",1045.92305538519,1620,0.803511988504135
"interaction_ridge","Emot",4743.52168393084,1620,1.7111691339244
"mean_baseline","Emot",980.278696377985,1620,0.777888363716905
"text_ridge","Emot",996.173534838864,1620,0.784169583116891
"audiovisual_ridge","Extr",1413.80557195259,1620,0.934194566918274
"combined_ridge","Extr",1428.90779521296,1620,0.939170830518543
"interaction_ridge","Extr",3462.37351213004,1620,1.46193967046533
"mean_baseline","Extr",1519.61911661136,1620,0.968522840069044
"text_ridge","Extr",1530.52660668215,1620,0.971992546420818
"audiovisual_ridge","Open",852.163410079212,1620,0.725277047992829
"combined_ridge","Open",877.613895836582,1620,0.736027834214597
"interaction_ridge","Open",3057.67050292905,1620,1.37384530706116
"mean_baseline","Open",819.209222061966,1620,0.711115113730908
"text_ridge","Open",842.071525973145,1620,0.720969651410534
