"model","repeat_id","fold","trait","n_vloggers","squared_error"
"mean_baseline",1,1,"Extr",65,59.9566264452989
"mean_baseline",1,1,"Agr",65,36.3161732088472
"mean_baseline",1,1,"Cons",65,29.755430465896
"mean_baseline",1,1,"Emot",65,38.5734769054037
"mean_baseline",1,1,"Open",65,32.1212838897578
"text_ridge",1,1,"Extr",65,58.2572268015801
"text_ridge",1,1,"Agr",65,36.7757305372383
"text_ridge",1,1,"Cons",65,28.9452183634544
"text_ridge",1,1,"Emot",65,41.8985518767851
"text_ridge",1,1,"Open",65,31.9821095288211
"audiovisual_ridge",1,1,"Extr",65,50.8352094751551
"audiovisual_ridge",1,1,"Agr",65,37.2256688865932
"audiovisual_ridge",1,1,"Cons",65,30.6143364092993
"audiovisual_ridge",1,1,"Emot",65,44.3029672831774
"audiovisual_ridge",1,1,"Open",65,33.2015775086939
"combined_ridge",1,1,"Extr",65,50.3228189807871
"combined_ridge",1,1,"Agr",65,37.6986128405806
"combined_ridge",1,1,"Cons",65,29.4451845968397
"combined_ridge",1,1,"Emot",65,47.4227836710752
"combined_ridge",1,1,"Open",65,32.983661944755
"interaction_ridge",1,1,"Extr",65,292.100476299956
"interaction_ridge",1,1,"Agr",65,201.699348042748
"interaction_ridge",1,1,"Cons",65,49.4417214272944
"interaction_ridge",1,1,"Emot",65,352.164417559252
"interaction_ridge",1,1,"Open",65,80.6665965815909
"mean_baseline",1,2,"Extr",65,67.2063564239915
"mean_baseline",1,2,"Agr",65,50.7232677989628
"mean_baseline",1,2,"Cons",65,62.9218232977115
"mean_baseline",1,2,"Emot",65,48.4667949658011
"mean_baseline",1,2,"Open",65,36.5947443860049
"text_ridge",1,2,"Extr",65,65.5404304039384
"text_ridge",1,2,"Agr",65,51.0368333314149
"text_ridge",1,2,"Cons",65,56.9205567600367
"text_ridge",1,2,"Emot",65,47.8171471201527
"text_ridge",1,2,"Open",65,36.6416361341401
"audiovisual_ridge",1,2,"Extr",65,67.1761105208306
"audiovisual_ridge",1,2,"Agr",65,49.9540877284887
"audiovisual_ridge",1,2,"Cons",65,61.4818010137922
"audiovisual_ridge",1,2,"Emot",65,48.3502055606668
"audiovisual_ridge",1,2,"Open",65,35.8715060974127
"combined_ridge",1,2,"Extr",65,65.448788780414
"combined_ridge",1,2,"Agr",65,49.4465885196388
"combined_ridge",1,2,"Cons",65,55.8839793379093
"combined_ridge",1,2,"Emot",65,47.6412931178273
"combined_ridge",1,2,"Open",65,35.9500877941308
"interaction_ridge",1,2,"Extr",65,69.228930426851
"interaction_ridge",1,2,"Agr",65,69.0858366680619
"interaction_ridge",1,2,"Cons",65,62.8901009673649
"interaction_ridge",1,2,"Emot",65,63.2501900743692
"interaction_ridge",1,2,"Open",65,48.308537327645
"mean_baseline",1,3,"Extr",65,50.7775397950209
"mean_baseline",1,3,"Agr",65,67.6344697352215
"mean_baseline",1,3,"Cons",65,27.3569588351085
"mean_baseline",1,3,"Emot",65,38.8448346701272
"mean_baseline",1,3,"Open",65,33.0700751125125
"text_ridge",1,3,"Extr",65,53.5095358554609
"text_ridge",1,3,"Agr",65,62.3890726191455
"text_ridge",1,3,"Cons",65,26.663628688854
"text_ridge",1,3,"Emot",65,38.0835970279111
"text_ridge",1,3,"Open",65,34.6688473746978
"audiovisual_ridge",1,3,"Extr",65,43.8504890120162
"audiovisual_ridge",1,3,"Agr",65,66.0480472268418
"audiovisual_ridge",1,3,"Cons",65,26.8378393415803
"audiovisual_ridge",1,3,"Emot",65,38.5112368858384
"audiovisual_ridge",1,3,"Open",65,34.6686020678644
"combined_ridge",1,3,"Extr",65,46.8640312899068
"combined_ridge",1,3,"Agr",65,60.9745582854373
"combined_ridge",1,3,"Cons",65,26.7383322032535
"combined_ridge",1,3,"Emot",65,37.8132934067646
"combined_ridge",1,3,"Open",65,36.7944907547517
"interaction_ridge",1,3,"Extr",65,42.9792703522083
"interaction_ridge",1,3,"Agr",65,64.3651993854854
"interaction_ridge",1,3,"Cons",65,30.4209195531569
"interaction_ridge",1,3,"Emot",65,40.8221721160259
"interaction_ridge",1,3,"Open",65,38.537973957689
"mean_baseline",1,4,"Extr",65,59.2486165191667
"mean_baseline",1,4,"Agr",65,50.7210135507818
"mean_baseline",1,4,"Cons",65,37.7983899892947
"mean_baseline",1,4,"Emot",65,29.3331714916454
"mean_baseline",1,4,"Open",65,30.9414985552715
"text_ridge",1,4,"Extr",65,62.1428530394882
"text_ridge",1,4,"Agr",65,44.5896706191345
"text_ridge",1,4,"Cons",65,36.2171178228144
"text_ridge",1,4,"Emot",65,29.7878311255816
"text_ridge",1,4,"Open",65,32.2472581130162
"audiovisual_ridge",1,4,"Extr",65,54.1870251233077
"audiovisual_ridge",1,4,"Agr",65,54.7092782335509
"audiovisual_ridge",1,4,"Cons",65,39.1677066916294
"audiovisual_ridge",1,4,"Emot",65,32.7863856133379
"audiovisual_ridge",1,4,"Open",65,30.5863765793412
"combined_ridge",1,4,"Extr",65,57.0934290567499
"combined_ridge",1,4,"Agr",65,47.9281811663752
"combined_ridge",1,4,"Cons",65,37.5727646275674
"combined_ridge",1,4,"Emot",65,33.6529276538856
"combined_ridge",1,4,"Open",65,31.7593971028017
"interaction_ridge",1,4,"Extr",65,185.633222971257
"interaction_ridge",1,4,"Agr",65,133.272221157914
"interaction_ridge",1,4,"Cons",65,46.6631831607491
"interaction_ridge",1,4,"Emot",65,148.147962216555
"interaction_ridge",1,4,"Open",65,116.80103491917
"mean_baseline",1,5,"Extr",64,65.961282971729
"mean_baseline",1,5,"Agr",64,51.7021737343852
"mean_baseline",1,5,"Cons",64,47.0769607132794
"mean_baseline",1,5,"Emot",64,39.282205140281
"mean_baseline",1,5,"Open",64,30.2371043969461
"text_ridge",1,5,"Extr",64,66.9521417839809
"text_ridge",1,5,"Agr",64,46.4109914904023
"text_ridge",1,5,"Cons",64,44.1427233235391
"text_ridge",1,5,"Emot",64,39.4715526492796
"text_ridge",1,5,"Open",64,31.3619177753977
"audiovisual_ridge",1,5,"Extr",64,65.9607635544266
"audiovisual_ridge",1,5,"Agr",64,51.4612297770261
"audiovisual_ridge",1,5,"Cons",64,46.9514770837903
"audiovisual_ridge",1,5,"Emot",64,40.4760879577541
"audiovisual_ridge",1,5,"Open",64,33.071081519209
"combined_ridge",1,5,"Extr",64,64.7900544107925
"combined_ridge",1,5,"Agr",64,46.9976082861776
"combined_ridge",1,5,"Cons",64,43.7959213556856
"combined_ridge",1,5,"Emot",64,40.6018246247509
"combined_ridge",1,5,"Open",64,34.3314676267904
"interaction_ridge",1,5,"Extr",64,119.984699652808
"interaction_ridge",1,5,"Agr",64,81.1887975499118
"interaction_ridge",1,5,"Cons",64,46.540531885718
"interaction_ridge",1,5,"Emot",64,61.5713630166657
"interaction_ridge",1,5,"Open",64,79.7105082451694
"mean_baseline",2,1,"Extr",65,53.9476926029725
"mean_baseline",2,1,"Agr",65,47.4821812684168
"mean_baseline",2,1,"Cons",65,39.503239486574
"mean_baseline",2,1,"Emot",65,40.607924117173
"mean_baseline",2,1,"Open",65,26.3647457856395
"text_ridge",2,1,"Extr",65,63.048872651794
"text_ridge",2,1,"Agr",65,47.0116412594606
"text_ridge",2,1,"Cons",65,34.8198092794652
"text_ridge",2,1,"Emot",65,43.1264674005507
"text_ridge",2,1,"Open",65,30.0376933693432
"audiovisual_ridge",2,1,"Extr",65,54.6278606933328
"audiovisual_ridge",2,1,"Agr",65,51.7236702698921
"audiovisual_ridge",2,1,"Cons",65,39.5714861957476
"audiovisual_ridge",2,1,"Emot",65,43.776374045308
"audiovisual_ridge",2,1,"Open",65,28.4329492468017
"combined_ridge",2,1,"Extr",65,69.0240866154475
"combined_ridge",2,1,"Agr",65,51.358201388021
"combined_ridge",2,1,"Cons",65,34.921145889899
"combined_ridge",2,1,"Emot",65,47.449234748585
"combined_ridge",2,1,"Open",65,33.2941581180954
"interaction_ridge",2,1,"Extr",65,77.2362462529342
"interaction_ridge",2,1,"Agr",65,73.8863277713008
"interaction_ridge",2,1,"Cons",65,40.9448904392655
"interaction_ridge",2,1,"Emot",65,78.9107046937016
"interaction_ridge",2,1,"Open",65,36.59292911985
"mean_baseline",2,2,"Extr",65,49.1004618937014
"mean_baseline",2,2,"Agr",65,56.3128322431869
"mean_baseline",2,2,"Cons",65,38.5719588351085
"mean_baseline",2,2,"Emot",65,36.4173545672996
"mean_baseline",2,2,"Open",65,29.4723046369703
"text_ridge",2,2,"Extr",65,48.3930660596526
"text_ridge",2,2,"Agr",65,51.9974276722801
"text_ridge",2,2,"Cons",65,34.4727259684632
"text_ridge",2,2,"Emot",65,34.7848786643411
"text_ridge",2,2,"Open",65,29.6458344705368
"audiovisual_ridge",2,2,"Extr",65,42.4435197034222
"audiovisual_ridge",2,2,"Agr",65,61.8449629497618
"audiovisual_ridge",2,2,"Cons",65,41.3214114472093
"audiovisual_ridge",2,2,"Emot",65,42.5677981852542
"audiovisual_ridge",2,2,"Open",65,33.8918971037766
"combined_ridge",2,2,"Extr",65,41.4585990352587
"combined_ridge",2,2,"Agr",65,59.157549657237
"combined_ridge",2,2,"Cons",65,36.4807760477446
"combined_ridge",2,2,"Emot",65,41.3071947269093
"combined_ridge",2,2,"Open",65,33.8505861669718
"interaction_ridge",2,2,"Extr",65,88.6752693462522
"interaction_ridge",2,2,"Agr",65,164.059780458805
"interaction_ridge",2,2,"Cons",65,138.733590110601
"interaction_ridge",2,2,"Emot",65,176.192713734635
"interaction_ridge",2,2,"Open",65,69.5884628089871
"mean_baseline",2,3,"Extr",65,65.1059006979953
"mean_baseline",2,3,"Agr",65,72.0042778962082
"mean_baseline",2,3,"Cons",65,44.9307035036601
"mean_baseline",2,3,"Emot",65,62.9254344393304
"mean_baseline",2,3,"Open",65,34.6678986856043
"text_ridge",2,3,"Extr",65,63.3703079736959
"text_ridge",2,3,"Agr",65,65.9225877399647
"text_ridge",2,3,"Cons",65,38.9587217381017
"text_ridge",2,3,"Emot",65,63.4443889995972
"text_ridge",2,3,"Open",65,35.211019450839
"audiovisual_ridge",2,3,"Extr",65,58.9479700028312
"audiovisual_ridge",2,3,"Agr",65,72.6138372605746
"audiovisual_ridge",2,3,"Cons",65,46.1398136120916
"audiovisual_ridge",2,3,"Emot",65,66.048290583599
"audiovisual_ridge",2,3,"Open",65,35.7193236454427
"combined_ridge",2,3,"Extr",65,57.032082495069
"combined_ridge",2,3,"Agr",65,66.7627122947981
"combined_ridge",2,3,"Cons",65,40.0338422423113
"combined_ridge",2,3,"Emot",65,65.4925144104114
"combined_ridge",2,3,"Open",65,36.6987503883208
"interaction_ridge",2,3,"Extr",65,229.531225378226
"interaction_ridge",2,3,"Agr",65,88.2966899230438
"interaction_ridge",2,3,"Cons",65,42.0324015425297
"interaction_ridge",2,3,"Emot",65,90.6107581647522
"interaction_ridge",2,3,"Open",65,85.7345363007628
"mean_baseline",2,4,"Extr",65,61.0683201527506
"mean_baseline",2,4,"Agr",65,33.8404806047084
"mean_baseline",2,4,"Cons",65,40.3437264813301
"mean_baseline",2,4,"Emot",65,25.0678817329718
"mean_baseline",2,4,"Open",65,33.3966917852993
"text_ridge",2,4,"Extr",65,58.8818163182494
"text_ridge",2,4,"Agr",65,34.7789385050918
"text_ridge",2,4,"Cons",65,38.6078376156317
"text_ridge",2,4,"Emot",65,25.7588338723336
"text_ridge",2,4,"Open",65,33.9326652687138
"audiovisual_ridge",2,4,"Extr",65,64.4506620330478
"audiovisual_ridge",2,4,"Agr",65,34.2192158982205
"audiovisual_ridge",2,4,"Cons",65,40.5614646582804
"audiovisual_ridge",2,4,"Emot",65,26.5785889304382
"audiovisual_ridge",2,4,"Open",65,38.180584477736
"combined_ridge",2,4,"Extr",65,62.2820472283542
"combined_ridge",2,4,"Agr",65,34.7533940104612
"combined_ridge",2,4,"Cons",65,38.1460495251009
"combined_ridge",2,4,"Emot",65,26.5759574613621
"combined_ridge",2,4,"Open",65,38.3188768956341
"interaction_ridge",2,4,"Extr",65,165.190868716696
"interaction_ridge",2,4,"Agr",65,448.364262353536
"interaction_ridge",2,4,"Cons",65,48.4919446888459
"interaction_ridge",2,4,"Emot",65,1282.67294354874
"interaction_ridge",2,4,"Open",65,55.6902816360906
"mean_baseline",2,5,"Extr",64,73.3660568624294
"mean_baseline",2,5,"Agr",64,53.1959430268755
"mean_baseline",2,5,"Cons",64,40.2824395725154
"mean_baseline",2,5,"Emot",64,33.138047840438
"mean_baseline",2,5,"Open",64,39.8503510713951
"text_ridge",2,5,"Extr",64,74.9370524683004
"text_ridge",2,5,"Agr",64,49.7045084851878
"text_ridge",2,5,"Cons",64,39.5340469937353
"text_ridge",2,5,"Emot",64,32.9073695413983
"text_ridge",2,5,"Open",64,40.615535368355
"audiovisual_ridge",2,5,"Extr",64,61.5123928154254
"audiovisual_ridge",2,5,"Agr",64,50.3374014245108
"audiovisual_ridge",2,5,"Cons",64,41.2102963448516
"audiovisual_ridge",2,5,"Emot",64,32.988406307329
"audiovisual_ridge",2,5,"Open",64,42.3371162098527
"combined_ridge",2,5,"Extr",64,62.6649195053305
"combined_ridge",2,5,"Agr",64,47.1491710225516
"combined_ridge",2,5,"Cons",64,40.9864638543682
"combined_ridge",2,5,"Emot",64,32.6686879541454
"combined_ridge",2,5,"Open",64,42.9339315689838
"interaction_ridge",2,5,"Extr",64,56.493067912317
"interaction_ridge",2,5,"Agr",64,54.5021426460222
"interaction_ridge",2,5,"Cons",64,53.5259562084631
"interaction_ridge",2,5,"Emot",64,46.9217711502611
"interaction_ridge",2,5,"Open",64,49.3280885587549
"mean_baseline",3,1,"Extr",65,77.3284072282431
"mean_baseline",3,1,"Agr",65,60.5006835351623
"mean_baseline",3,1,"Cons",65,43.2438394293581
"mean_baseline",3,1,"Emot",65,44.6029176727016
"mean_baseline",3,1,"Open",65,35.7191369836297
"text_ridge",3,1,"Extr",65,78.5724060504026
"text_ridge",3,1,"Agr",65,54.8084716777919
"text_ridge",3,1,"Cons",65,39.211985460781
"text_ridge",3,1,"Emot",65,43.4227237301588
"text_ridge",3,1,"Open",65,36.5949628471433
"audiovisual_ridge",3,1,"Extr",65,74.2673378846556
"audiovisual_ridge",3,1,"Agr",65,64.8198425321466
"audiovisual_ridge",3,1,"Cons",65,44.5005468001152
"audiovisual_ridge",3,1,"Emot",65,46.8635376152945
"audiovisual_ridge",3,1,"Open",65,35.6288143869908
"combined_ridge",3,1,"Extr",65,77.2020683170215
"combined_ridge",3,1,"Agr",65,58.7429834017082
"combined_ridge",3,1,"Cons",65,40.5304336413052
"combined_ridge",3,1,"Emot",65,45.764234250119
"combined_ridge",3,1,"Open",65,36.2266584736502
"interaction_ridge",3,1,"Extr",65,91.9123018761304
"interaction_ridge",3,1,"Agr",65,81.5824528800783
"interaction_ridge",3,1,"Cons",65,48.3542813496649
"interaction_ridge",3,1,"Emot",65,90.6781194945568
"interaction_ridge",3,1,"Open",65,68.9246382245876
"mean_baseline",3,2,"Extr",65,49.3601240995546
"mean_baseline",3,2,"Agr",65,42.046193557043
"mean_baseline",3,2,"Cons",65,36.42921191673
"mean_baseline",3,2,"Emot",65,33.3315431404197
"mean_baseline",3,2,"Open",65,32.8279316308497
"text_ridge",3,2,"Extr",65,51.1134885906583
"text_ridge",3,2,"Agr",65,37.8872535413812
"text_ridge",3,2,"Cons",65,32.2145597069446
"text_ridge",3,2,"Emot",65,35.3182468813979
"text_ridge",3,2,"Open",65,33.6562166035571
"audiovisual_ridge",3,2,"Extr",65,62.7763965615239
"audiovisual_ridge",3,2,"Agr",65,42.897564223969
"audiovisual_ridge",3,2,"Cons",65,38.9123652387492
"audiovisual_ridge",3,2,"Emot",65,33.8835492378438
"audiovisual_ridge",3,2,"Open",65,36.2583059683475
"combined_ridge",3,2,"Extr",65,65.1988319539346
"combined_ridge",3,2,"Agr",65,39.7698949421617
"combined_ridge",3,2,"Cons",65,33.5690309335815
"combined_ridge",3,2,"Emot",65,36.3572844792209
"combined_ridge",3,2,"Open",65,37.3086804701593
"interaction_ridge",3,2,"Extr",65,150.899363679505
"interaction_ridge",3,2,"Agr",65,251.635434825744
"interaction_ridge",3,2,"Cons",65,44.4063438760898
"interaction_ridge",3,2,"Emot",65,346.891548495066
"interaction_ridge",3,2,"Open",65,60.8774583907415
"mean_baseline",3,3,"Extr",65,51.4421334033979
"mean_baseline",3,3,"Agr",65,59.4445330520813
"mean_baseline",3,3,"Cons",65,43.8507127825564
"mean_baseline",3,3,"Emot",65,48.1908682165342
"mean_baseline",3,3,"Open",65,25.9119383821218
"text_ridge",3,3,"Extr",65,50.550535174285
"text_ridge",3,3,"Agr",65,58.7081823561812
"text_ridge",3,3,"Cons",65,38.7253316263326
"text_ridge",3,3,"Emot",65,47.4746808502558
"text_ridge",3,3,"Open",65,26.5390545318392
"audiovisual_ridge",3,3,"Extr",65,42.5195788940261
"audiovisual_ridge",3,3,"Agr",65,60.9052018906137
"audiovisual_ridge",3,3,"Cons",65,47.5511805086815
"audiovisual_ridge",3,3,"Emot",65,51.9205998926119
"audiovisual_ridge",3,3,"Open",65,24.9377006793031
"combined_ridge",3,3,"Extr",65,41.4914631613
"combined_ridge",3,3,"Agr",65,59.2288186047288
"combined_ridge",3,3,"Cons",65,42.4135043999371
"combined_ridge",3,3,"Emot",65,51.1273748619904
"combined_ridge",3,3,"Open",65,25.359430026001
"interaction_ridge",3,3,"Extr",65,39.4030588545638
"interaction_ridge",3,3,"Agr",65,65.936631608314
"interaction_ridge",3,3,"Cons",65,42.4570006773119
"interaction_ridge",3,3,"Emot",65,54.9500965577593
"interaction_ridge",3,3,"Open",65,26.8772229858241
"mean_baseline",3,4,"Extr",65,52.2744058716742
"mean_baseline",3,4,"Agr",65,47.8302788088696
"mean_baseline",3,4,"Cons",65,35.9248869582518
"mean_baseline",3,4,"Emot",65,28.7734616324678
"mean_baseline",3,4,"Open",65,29.4696315527399
"text_ridge",3,4,"Extr",65,54.0372890548542
"text_ridge",3,4,"Agr",65,45.6975960375824
"text_ridge",3,4,"Cons",65,37.113078779153
"text_ridge",3,4,"Emot",65,29.7917865933184
"text_ridge",3,4,"Open",65,29.2448374969489
"audiovisual_ridge",3,4,"Extr",65,46.6572670918804
"audiovisual_ridge",3,4,"Agr",65,43.6316580421702
"audiovisual_ridge",3,4,"Cons",65,34.4881761981466
"audiovisual_ridge",3,4,"Emot",65,29.2284311801072
"audiovisual_ridge",3,4,"Open",65,28.4264574647014
"combined_ridge",3,4,"Extr",65,46.909289128491
"combined_ridge",3,4,"Agr",65,41.2784589924519
"combined_ridge",3,4,"Cons",65,35.7502751393275
"combined_ridge",3,4,"Emot",65,30.2020859131047
"combined_ridge",3,4,"Open",65,28.2867978658213
"interaction_ridge",3,4,"Extr",65,89.0391824999542
"interaction_ridge",3,4,"Agr",65,65.4206192221256
"interaction_ridge",3,4,"Cons",65,49.2239471302844
"interaction_ridge",3,4,"Emot",65,55.6129812693458
"interaction_ridge",3,4,"Open",65,59.7064462977729
"mean_baseline",3,5,"Extr",64,74.828224852071
"mean_baseline",3,5,"Agr",64,47.7650797172913
"mean_baseline",3,5,"Cons",64,43.0134785117203
"mean_baseline",3,5,"Emot",64,39.8120287619584
"mean_baseline",3,5,"Open",64,39.4570182412215
"text_ridge",3,5,"Extr",64,74.3291551490971
"text_ridge",3,5,"Agr",64,45.7837669820474
"text_ridge",3,5,"Cons",64,40.4485235562133
"text_ridge",3,5,"Emot",64,43.1689370201562
"text_ridge",3,5,"Open",64,40.135485919043
"audiovisual_ridge",3,5,"Extr",64,60.3367011881013
"audiovisual_ridge",3,5,"Agr",64,46.0185910241545
"audiovisual_ridge",3,5,"Cons",64,42.8041591949103
"audiovisual_ridge",3,5,"Emot",64,42.4427602918154
"audiovisual_ridge",3,5,"Open",64,40.3318572418917
"combined_ridge",3,5,"Extr",64,60.3038691711364
"combined_ridge",3,5,"Agr",64,44.2021232321169
"combined_ridge",3,5,"Cons",64,40.192187306957
"combined_ridge",3,5,"Emot",64,45.4080423208782
"combined_ridge",3,5,"Open",64,41.1978894629251
"interaction_ridge",3,5,"Extr",64,74.6036577523437
"interaction_ridge",3,5,"Agr",64,60.4649899280517
"interaction_ridge",3,5,"Cons",64,37.762940519482
"interaction_ridge",3,5,"Emot",64,56.6885125739543
"interaction_ridge",3,5,"Open",64,51.6040938998777
"mean_baseline",4,1,"Extr",65,67.9169336780245
"mean_baseline",4,1,"Agr",65,46.9880041127725
"mean_baseline",4,1,"Cons",65,52.9334216153579
"mean_baseline",4,1,"Emot",65,37.4607108677562
"mean_baseline",4,1,"Open",65,34.9269564239036
"text_ridge",4,1,"Extr",65,67.7980330287955
"text_ridge",4,1,"Agr",65,50.9726743969167
"text_ridge",4,1,"Cons",65,49.048829681884
"text_ridge",4,1,"Emot",65,37.136153594658
"text_ridge",4,1,"Open",65,37.9445303200042
"audiovisual_ridge",4,1,"Extr",65,64.2642733122853
"audiovisual_ridge",4,1,"Agr",65,47.2341386413377
"audiovisual_ridge",4,1,"Cons",65,51.569140648606
"audiovisual_ridge",4,1,"Emot",65,39.4252130668106
"audiovisual_ridge",4,1,"Open",65,33.976805397145
"combined_ridge",4,1,"Extr",65,63.027868354721
"combined_ridge",4,1,"Agr",65,51.7118200539427
"combined_ridge",4,1,"Cons",65,48.1886481467031
"combined_ridge",4,1,"Emot",65,39.3628396637379
"combined_ridge",4,1,"Open",65,36.9751545467313
"interaction_ridge",4,1,"Extr",65,103.379951969405
"interaction_ridge",4,1,"Agr",65,160.6920929197
"interaction_ridge",4,1,"Cons",65,70.3960168405551
"interaction_ridge",4,1,"Emot",65,236.829803942031
"interaction_ridge",4,1,"Open",65,99.6210913543493
"mean_baseline",4,2,"Extr",65,55.2797368711452
"mean_baseline",4,2,"Agr",65,74.0409716756616
"mean_baseline",4,2,"Cons",65,34.1358765056635
"mean_baseline",4,2,"Emot",65,55.2181003161441
"mean_baseline",4,2,"Open",65,42.3910490433758
"text_ridge",4,2,"Extr",65,57.288608285907
"text_ridge",4,2,"Agr",65,68.7600022729095
"text_ridge",4,2,"Cons",65,33.4526177665543
"text_ridge",4,2,"Emot",65,58.4085569710441
"text_ridge",4,2,"Open",65,42.9376198192081
"audiovisual_ridge",4,2,"Extr",65,49.438284307081
"audiovisual_ridge",4,2,"Agr",65,73.3413210868299
"audiovisual_ridge",4,2,"Cons",65,39.7016236297023
"audiovisual_ridge",4,2,"Emot",65,54.9400602562624
"audiovisual_ridge",4,2,"Open",65,43.6308993436574
"combined_ridge",4,2,"Extr",65,50.5542670283251
"combined_ridge",4,2,"Agr",65,69.024939097846
"combined_ridge",4,2,"Cons",65,37.2507590785178
"combined_ridge",4,2,"Emot",65,57.9904106499828
"combined_ridge",4,2,"Open",65,44.1554321841887
"interaction_ridge",4,2,"Extr",65,76.4357207368141
"interaction_ridge",4,2,"Agr",65,882.043084159236
"interaction_ridge",4,2,"Cons",65,1570.80280941962
"interaction_ridge",4,2,"Emot",65,142.120651745362
"interaction_ridge",4,2,"Open",65,1419.27922038295
"mean_baseline",4,3,"Extr",65,56.7838497032609
"mean_baseline",4,3,"Agr",65,53.2144491485418
"mean_baseline",4,3,"Cons",65,32.1131083113517
"mean_baseline",4,3,"Emot",65,39.5019320069476
"mean_baseline",4,3,"Open",65,25.6038169724989
"text_ridge",4,3,"Extr",65,55.4082402994824
"text_ridge",4,3,"Agr",65,52.3694886049378
"text_ridge",4,3,"Cons",65,30.8202603518803
"text_ridge",4,3,"Emot",65,39.8781142542442
"text_ridge",4,3,"Open",65,28.3420022352945
"audiovisual_ridge",4,3,"Extr",65,52.4895250701301
"audiovisual_ridge",4,3,"Agr",65,52.6500117261147
"audiovisual_ridge",4,3,"Cons",65,34.47149167462
"audiovisual_ridge",4,3,"Emot",65,39.3136719256902
"audiovisual_ridge",4,3,"Open",65,25.8664462812061
"combined_ridge",4,3,"Extr",65,52.1325285723983
"combined_ridge",4,3,"Agr",65,52.1135175317802
"combined_ridge",4,3,"Cons",65,32.9873004181215
"combined_ridge",4,3,"Emot",65,39.8790387316244
"combined_ridge",4,3,"Open",65,29.4202708877549
"interaction_ridge",4,3,"Extr",65,62.1731079668865
"interaction_ridge",4,3,"Agr",65,67.4096168624448
"interaction_ridge",4,3,"Cons",65,33.5883320742723
"interaction_ridge",4,3,"Emot",65,45.0586198761202
"interaction_ridge",4,3,"Open",65,39.038603949647
"mean_baseline",4,4,"Extr",65,61.2794452602077
"mean_baseline",4,4,"Agr",65,47.3944287089075
"mean_baseline",4,4,"Cons",65,42.2988333161612
"mean_baseline",4,4,"Emot",65,28.7635364626364
"mean_baseline",4,4,"Open",65,29.0619981372742
"text_ridge",4,4,"Extr",65,58.8535789530544
"text_ridge",4,4,"Agr",65,41.6819842234065
"text_ridge",4,4,"Cons",65,38.1169123881091
"text_ridge",4,4,"Emot",65,27.8558926951354
"text_ridge",4,4,"Open",65,29.6104035924724
"audiovisual_ridge",4,4,"Extr",65,58.7337816467937
"audiovisual_ridge",4,4,"Agr",65,44.8542521176403
"audiovisual_ridge",4,4,"Cons",65,42.8801020947677
"audiovisual_ridge",4,4,"Emot",65,30.2100752017294
"audiovisual_ridge",4,4,"Open",65,29.8647044799258
"combined_ridge",4,4,"Extr",65,56.4404804995324
"combined_ridge",4,4,"Agr",65,38.7631173771959
"combined_ridge",4,4,"Cons",65,38.8002039885787
"combined_ridge",4,4,"Emot",65,29.0808574901901
"combined_ridge",4,4,"Open",65,30.1072388224299
"interaction_ridge",4,4,"Extr",65,74.0376654912887
"interaction_ridge",4,4,"Agr",65,148.646834407754
"interaction_ridge",4,4,"Cons",65,55.4979545333668
"interaction_ridge",4,4,"Emot",65,259.080725812892
"interaction_ridge",4,4,"Open",65,33.0932927694448
"mean_baseline",4,5,"Extr",64,64.1196488695675
"mean_baseline",4,5,"Agr",64,38.3872540064942
"mean_baseline",4,5,"Cons",64,40.6136884689181
"mean_baseline",4,5,"Emot",64,35.6995500664171
"mean_baseline",4,5,"Open",64,33.339029919897
"text_ridge",4,5,"Extr",64,63.5792665420412
"text_ridge",4,5,"Agr",64,33.8747052266906
"text_ridge",4,5,"Cons",64,35.8735769698439
"text_ridge",4,5,"Emot",64,37.4795777178568
"text_ridge",4,5,"Open",64,33.3560878289476
"audiovisual_ridge",4,5,"Extr",64,55.4961518602698
"audiovisual_ridge",4,5,"Agr",64,41.5727632419941
"audiovisual_ridge",4,5,"Cons",64,41.3696904586277
"audiovisual_ridge",4,5,"Emot",64,37.5045833062779
"audiovisual_ridge",4,5,"Open",64,32.6857117631223
"combined_ridge",4,5,"Extr",64,55.6917223581293
"combined_ridge",4,5,"Agr",64,36.1931672200362
"combined_ridge",4,5,"Cons",64,35.8820982668339
"combined_ridge",4,5,"Emot",64,39.1416670482375
"combined_ridge",4,5,"Open",64,32.8766080556192
"interaction_ridge",4,5,"Extr",64,153.372741635514
"interaction_ridge",4,5,"Agr",64,145.128782779913
"interaction_ridge",4,5,"Cons",64,45.8694045070227
"interaction_ridge",4,5,"Emot",64,126.399579820632
"interaction_ridge",4,5,"Open",64,58.2772359940378
"mean_baseline",5,1,"Extr",65,55.2996629898412
"mean_baseline",5,1,"Agr",65,52.6788267397715
"mean_baseline",5,1,"Cons",65,47.051538384941
"mean_baseline",5,1,"Emot",65,57.1757483171512
"mean_baseline",5,1,"Open",65,31.0857963282857
"text_ridge",5,1,"Extr",65,56.9978794126289
"text_ridge",5,1,"Agr",65,55.310723524293
"text_ridge",5,1,"Cons",65,41.1125034076441
"text_ridge",5,1,"Emot",65,57.5459445899041
"text_ridge",5,1,"Open",65,33.2007125064038
"audiovisual_ridge",5,1,"Extr",65,52.0405653309197
"audiovisual_ridge",5,1,"Agr",65,51.6087842816855
"audiovisual_ridge",5,1,"Cons",65,47.7220882066107
"audiovisual_ridge",5,1,"Emot",65,56.9523373811021
"audiovisual_ridge",5,1,"Open",65,30.7230153980553
"combined_ridge",5,1,"Extr",65,54.0299729133702
"combined_ridge",5,1,"Agr",65,53.8426321422715
"combined_ridge",5,1,"Cons",65,42.2329977110504
"combined_ridge",5,1,"Emot",65,57.2153950085483
"combined_ridge",5,1,"Open",65,32.7520625621683
"interaction_ridge",5,1,"Extr",65,113.052292096332
"interaction_ridge",5,1,"Agr",65,81.8955997533833
"interaction_ridge",5,1,"Cons",65,52.2936939719262
"interaction_ridge",5,1,"Emot",65,111.120209389039
"interaction_ridge",5,1,"Open",65,63.0626662005719
"mean_baseline",5,2,"Extr",65,63.7382450073642
"mean_baseline",5,2,"Agr",65,40.7790800700855
"mean_baseline",5,2,"Cons",65,45.8486951936402
"mean_baseline",5,2,"Emot",65,41.2216063259529
"mean_baseline",5,2,"Open",65,40.1578582664015
"text_ridge",5,2,"Extr",65,63.014881789106
"text_ridge",5,2,"Agr",65,35.3817971499332
"text_ridge",5,2,"Cons",65,40.4123449934549
"text_ridge",5,2,"Emot",65,40.4580435543921
"text_ridge",5,2,"Open",65,40.0896081566293
"audiovisual_ridge",5,2,"Extr",65,55.0419301473175
"audiovisual_ridge",5,2,"Agr",65,43.7213849206719
"audiovisual_ridge",5,2,"Cons",65,46.1832482235773
"audiovisual_ridge",5,2,"Emot",65,44.3018045548273
"audiovisual_ridge",5,2,"Open",65,43.0867383379525
"combined_ridge",5,2,"Extr",65,54.1045014753928
"combined_ridge",5,2,"Agr",65,39.7697978363586
"combined_ridge",5,2,"Cons",65,39.9779959461677
"combined_ridge",5,2,"Emot",65,43.6892081250442
"combined_ridge",5,2,"Open",65,43.4303715996649
"interaction_ridge",5,2,"Extr",65,323.822236757382
"interaction_ridge",5,2,"Agr",65,61.0938367272961
"interaction_ridge",5,2,"Cons",65,40.7605666176384
"interaction_ridge",5,2,"Emot",65,66.3429839008265
"interaction_ridge",5,2,"Open",65,128.671137888238
"mean_baseline",5,3,"Extr",65,63.8268863306218
"mean_baseline",5,3,"Agr",65,49.6647458213867
"mean_baseline",5,3,"Cons",65,24.6129662939897
"mean_baseline",5,3,"Emot",65,24.325416451127
"mean_baseline",5,3,"Open",65,31.1133534757503
"text_ridge",5,3,"Extr",65,66.7290641306958
"text_ridge",5,3,"Agr",65,46.4633565922003
"text_ridge",5,3,"Cons",65,32.1893987248207
"text_ridge",5,3,"Emot",65,27.6193347204998
"text_ridge",5,3,"Open",65,32.3451644258982
"audiovisual_ridge",5,3,"Extr",65,58.6758285638814
"audiovisual_ridge",5,3,"Agr",65,48.7884263306251
"audiovisual_ridge",5,3,"Cons",65,26.6435536825145
"audiovisual_ridge",5,3,"Emot",65,26.2897483924132
"audiovisual_ridge",5,3,"Open",65,31.8950096019553
"combined_ridge",5,3,"Extr",65,62.4464077505708
"combined_ridge",5,3,"Agr",65,46.0253347910999
"combined_ridge",5,3,"Cons",65,33.905247071464
"combined_ridge",5,3,"Emot",65,29.2947301624791
"combined_ridge",5,3,"Open",65,33.2418332976487
"interaction_ridge",5,3,"Extr",65,86.5201910900905
"interaction_ridge",5,3,"Agr",65,60.6823803928238
"interaction_ridge",5,3,"Cons",65,29.2304426647647
"interaction_ridge",5,3,"Emot",65,57.6735820737952
"interaction_ridge",5,3,"Open",65,39.1644115392527
"mean_baseline",5,4,"Extr",65,66.4026523614072
"mean_baseline",5,4,"Agr",65,49.6188348911516
"mean_baseline",5,4,"Cons",65,38.4212078631137
"mean_baseline",5,4,"Emot",65,27.6604824634793
"mean_baseline",5,4,"Open",65,25.6406182028522
"text_ridge",5,4,"Extr",65,64.9457403963911
"text_ridge",5,4,"Agr",65,48.9839134678408
"text_ridge",5,4,"Cons",65,32.7361249158323
"text_ridge",5,4,"Emot",65,28.2823902574495
"text_ridge",5,4,"Open",65,25.6226084928808
"audiovisual_ridge",5,4,"Extr",65,62.4606541673177
"audiovisual_ridge",5,4,"Agr",65,46.375939651577
"audiovisual_ridge",5,4,"Cons",65,38.2364907743879
"audiovisual_ridge",5,4,"Emot",65,27.4282388877271
"audiovisual_ridge",5,4,"Open",65,26.5951770338948
"combined_ridge",5,4,"Extr",65,60.3022796834999
"combined_ridge",5,4,"Agr",65,45.9661974115474
"combined_ridge",5,4,"Cons",65,32.7694103915243
"combined_ridge",5,4,"Emot",65,27.9562103047701
"combined_ridge",5,4,"Open",65,26.9255617321412
"interaction_ridge",5,4,"Extr",65,58.338688346538
"interaction_ridge",5,4,"Agr",65,67.2481971239465
"interaction_ridge",5,4,"Cons",65,42.9212108803634
"interaction_ridge",5,4,"Emot",65,39.4154132732699
"interaction_ridge",5,4,"Open",65,29.7298495060255
"mean_baseline",5,5,"Extr",64,53.9999057199211
"mean_baseline",5,5,"Agr",64,65.4466863905326
"mean_baseline",5,5,"Cons",64,46.4021506728924
"mean_baseline",5,5,"Emot",64,45.8836678058206
"mean_baseline",5,5,"Open",64,35.7863901957627
"text_ridge",5,5,"Extr",64,52.2751364686128
"text_ridge",5,5,"Agr",64,58.7028911521931
"text_ridge",5,5,"Cons",64,45.6226937170396
"text_ridge",5,5,"Emot",64,45.2525331304617
"text_ridge",5,5,"Open",64,36.1077143430134
"audiovisual_ridge",5,5,"Extr",64,54.6152929926064
"audiovisual_ridge",5,5,"Agr",64,71.1361275219683
"audiovisual_ridge",5,5,"Cons",64,64.996634239535
"audiovisual_ridge",5,5,"Emot",64,53.658395628156
"audiovisual_ridge",5,5,"Open",64,42.2947522449317
"combined_ridge",5,5,"Extr",64,52.091387447029
"combined_ridge",5,5,"Agr",64,64.9687332237882
"combined_ridge",5,5,"Cons",64,59.1630800066546
"combined_ridge",5,5,"Emot",64,52.8279645995435
"combined_ridge",5,5,"Open",64,42.4344974884425
"interaction_ridge",5,5,"Extr",64,638.330074067787
"interaction_ridge",5,5,"Agr",64,696.237386516341
"interaction_ridge",5,5,"Cons",64,135.683821845933
"interaction_ridge",5,5,"Emot",64,713.393859431226
"interaction_ridge",5,5,"Open",64,218.784184090026
